,episode,make_span,reward,min_make_span
0,0.0,1406.0,-41.72727272727275,1406.0
1,0.0,1367.0,-37.78787878787878,1367.0
2,0.0,1428.0,-43.94949494949498,1367.0
3,0.0,1390.0,-40.11111111111112,1367.0
4,0.0,1438.0,-44.95959595959599,1367.0
5,0.0,1448.0,-45.969696969697004,1367.0
6,0.0,1414.0,-42.53535353535354,1367.0
7,0.0,1430.0,-44.15151515151517,1367.0
8,0.0,1362.0,-37.282828282828305,1362.0
