,episode,make_span,reward,min_make_span
0,0.0,1812.0,-31.82828282828285,1812.0
1,0.0,1772.0,-27.78787878787881,1772.0
2,0.0,1802.0,-30.81818181818184,1772.0
3,0.0,1822.0,-32.83838383838385,1772.0
4,0.0,1844.0,-35.06060606060608,1772.0
5,0.0,1808.0,-31.424242424242458,1772.0
6,0.0,1783.0,-28.89898989898991,1772.0
7,0.0,1778.0,-28.3939393939394,1772.0
8,0.0,1804.0,-31.020202020202042,1772.0
