,episode,make_span,reward,min_make_span
0,0.0,1889.0,-35.84848484848489,1889.0
1,0.0,1839.0,-30.797979797979814,1839.0
2,0.0,1865.0,-33.424242424242436,1839.0
3,0.0,1956.0,-42.61616161616163,1839.0
4,0.0,1854.0,-32.31313131313133,1839.0
5,0.0,1834.0,-30.292929292929323,1834.0
6,0.0,1960.0,-43.02020202020205,1834.0
7,0.0,1842.0,-31.101010101010115,1834.0
8,0.0,1848.0,-31.707070707070727,1834.0
