,episode,make_span,reward,min_make_span
0,0.0,1540.0,-114.7575757575758,1540.0
1,0.0,1381.0,-90.66666666666669,1381.0
2,0.0,1546.0,-115.66666666666666,1381.0
3,0.0,1480.0,-105.6666666666667,1381.0
4,0.0,1464.0,-103.2424242424243,1381.0
5,0.0,1604.0,-124.4545454545455,1381.0
6,0.0,1482.0,-105.96969696969691,1381.0
7,0.0,1565.0,-118.54545454545452,1381.0
8,0.0,1516.0,-111.12121212121214,1381.0
