,episode,make_span,reward,min_make_span
0,0.0,1622.0,-118.79797979797982,1622.0
1,0.0,1630.0,-120.01010101010104,1622.0
2,0.0,1651.0,-123.19191919191927,1622.0
3,0.0,1645.0,-122.28282828282829,1622.0
4,0.0,1610.0,-116.97979797979805,1610.0
5,0.0,1647.0,-122.58585858585857,1610.0
6,0.0,1627.0,-119.55555555555559,1610.0
7,0.0,1658.0,-124.25252525252537,1610.0
8,0.0,1697.0,-130.1616161616162,1610.0
