,episode,make_span,reward,min_make_span
0,0.0,1537.0,-119.57575757575759,1537.0
1,0.0,1461.0,-108.06060606060609,1461.0
2,0.0,1513.0,-115.93939393939401,1461.0
3,0.0,1440.0,-104.87878787878788,1440.0
4,0.0,1433.0,-103.81818181818184,1433.0
5,0.0,1526.0,-117.90909090909099,1433.0
6,0.0,1433.0,-103.81818181818183,1433.0
7,0.0,1415.0,-101.09090909090918,1415.0
8,0.0,1399.0,-98.66666666666674,1399.0
