,episode,make_span,reward,min_make_span
0,0.0,1405.0,-96.17171717171719,1405.0
1,0.0,1606.0,-126.62626262626264,1405.0
2,0.0,1617.0,-128.29292929292933,1405.0
3,0.0,1505.0,-111.32323232323239,1405.0
4,0.0,1622.0,-129.05050505050505,1405.0
5,0.0,1515.0,-112.8383838383839,1405.0
6,0.0,1468.0,-105.71717171717175,1405.0
7,0.0,1485.0,-108.29292929292937,1405.0
8,0.0,1511.0,-112.23232323232322,1405.0
