,episode,make_span,reward,min_make_span
0,0.0,1381.0,-93.3636363636364,1381.0
1,0.0,1503.0,-111.84848484848492,1381.0
2,0.0,1435.0,-101.54545454545456,1381.0
3,0.0,1531.0,-116.09090909090907,1381.0
4,0.0,1391.0,-94.8787878787879,1381.0
5,0.0,1398.0,-95.93939393939391,1381.0
6,0.0,1451.0,-103.96969696969704,1381.0
7,0.0,1350.0,-88.66666666666671,1350.0
8,0.0,1329.0,-85.4848484848485,1329.0
