,episode,make_span,reward,min_make_span
0,0.0,1997.0,-199.70707070707084,1997.0
1,0.0,1923.0,-184.75757575757595,1923.0
2,0.0,2010.0,-202.33333333333348,1923.0
3,0.0,1896.0,-179.3030303030304,1896.0
4,0.0,1909.0,-181.929292929293,1896.0
5,0.0,2003.0,-200.91919191919206,1896.0
6,0.0,2087.0,-217.88888888888917,1896.0
7,0.0,1944.0,-189.00000000000026,1896.0
8,0.0,2040.0,-208.39393939393952,1896.0
