,episode,make_span,reward,min_make_span
0,0.0,1917.0,-183.80808080808094,1917.0
1,0.0,1853.0,-170.8787878787881,1853.0
2,0.0,1962.0,-192.89898989899012,1853.0
3,0.0,1906.0,-181.5858585858588,1853.0
4,0.0,1843.0,-168.85858585858614,1843.0
5,0.0,1968.0,-194.11111111111123,1843.0
6,0.0,1914.0,-183.20202020202044,1843.0
7,0.0,1913.0,-183.0,1843.0
8,0.0,1871.0,-174.51515151515164,1843.0
