,episode,make_span,reward,min_make_span
0,0.0,2151.0,-97.6262626262627,2151.0
1,0.0,2159.0,-98.83838383838396,2151.0
2,0.0,2246.0,-112.02020202020212,2151.0
3,0.0,2101.0,-90.05050505050515,2101.0
4,0.0,2125.0,-93.68686868686882,2101.0
5,0.0,2153.0,-97.92929292929304,2101.0
6,0.0,2129.0,-94.2929292929294,2101.0
7,0.0,2109.0,-91.26262626262636,2101.0
8,0.0,2308.0,-121.41414141414151,2101.0
