,episode,make_span,reward,min_make_span
0,0.0,3511.0,-148.9595959595962,3511.0
1,0.0,3411.0,-133.80808080808103,3411.0
2,0.0,3500.0,-147.29292929292956,3411.0
3,0.0,3575.0,-158.65656565656587,3411.0
4,0.0,3434.0,-137.29292929292956,3411.0
5,0.0,3418.0,-134.86868686868706,3411.0
6,0.0,3460.0,-141.23232323232347,3411.0
7,0.0,3426.0,-136.0808080808083,3411.0
8,0.0,3338.0,-122.74747474747497,3338.0
